,0
play steve,2894
steve jobs,3389
christian bale,820
michael phelps,2324
was born,4618
but did,690
did not,1005
about her,51
says she,3160
she was,3230
man and,2253
never told,2443
told the,4435
taylor lianne,3480
lianne chandler,2183
as she,433
boy and,654
jobs movie,2053
god is,1313
is woman,1951
dead for,960
for 48,1195
48 minutes,38
catholic priest,785
back to,504
to life,4333
even more,1087
priest who,2945
who died,4820
says he,3157
met god,2314
god and,1312
and she,300
on the,2754
out of,2821
of steve,2664
jobs biopic,2050
white house,4816
house fence,1645
fence jumper,1139
made it,2236
secret service,3177
that was,3566
role of,3087
right for,3077
bale will,514
will not,4852
after all,78
upcoming steve,4521
from the,1279
the dead,3682
islamic state,1973
state fighters,3362
to spread,4393
in iraq,1745
axl rose,497
at age,452
not dead,2517
death hoax,966
on facebook,2730
of course,2591
tropical spider,4466
spider burrowed,3340
burrowed under,683
skin through,3281
appendix scar,356
scar and,3163
there for,4121
for three,1232
three days,4207
dylan thomas,1053
this is,4169
story about,3401
living under,2205
under his,4495
his skin,1617
spider had,3341
had burrowed,1364
australian man,489
into his,1857
his chest,1585
gill rosenberg,1295
soldier was,3300
was captured,4620
captured by,772
by isis,733
north korea,2504
kim jong,2107
jong un,2064
un is,4492
is to,1944
to open,4350
restaurant in,3065
in scotland,1793
killed by,2097
days of,955
in december,1725
fake news,1120
news story,2465
has not,1418
with her,4874
abandoned at,41
with suitcase,4891
next to,2474
filled with,1156
with his,4877
his belongings,1579
hundreds of,1662
from around,1269
around the,403
the world,4088
at the,468
railway station,2977
full of,1285
read more,2987
http www,1657
of his,2610
was left,4639
after he,81
he was,1504
mohammed islam,2366
72 million,39
high school,1554
as well,440
news on,2461
is hoax,1906
much of,2406
girls release,1302
boko haram,635
kidnapped girls,2094
girls have,1300
have been,1435
been married,574
married off,2270
reported in,3034
in nigeria,1771
nigeria government,2480
cease fire,796
of ebola,2596
that boko,3514
vladimir putin,4591
not get,2519
world war,4935
it not,2013
tiger woods,4220
rumors of,3093
king abdullah,2111
not true,2536
new audio,2444
pause in,2854
michael brown,2322
brown was,675
was shot,4665
audio recording,486
recording of,2999
of michael,2637
brown shooting,674
is authentic,1888
at time,471
time of,4228
audio of,485
of gunfire,2604
because it,553
it was,2032
his name,1607
name in,2419
in the,1808
the snow,3990
was not,4644
ready to,2989
to go,4302
go on,1310
on camera,2726
if you,1683
300 000,33
what they,4778
shane smith,3217
beheads american,602
american photojournalist,167
james foley,2044
security guards,3182
on its,2738
silicon valley,3264
valley campus,4545
to watch,4421
beheading of,600
of journalist,2626
journalist james,2071
posted to,2930
to youtube,4423
las vegas,2133
isis beheads,1955
photojournalist james,2878
james wright,2045
wright foley,4943
foley in,1180
to us,4417
us to,4533
to end,4286
people who,2870
this week,4185
week in,4734
for sneezing,1221
man who,2261
the head,3759
by police,737
if they,1680
in public,1786
vice media,4560
about it,54
big bank,623
bank hank,515
sugarhill gang,3426
of the,2670
the sugarhill,4017
is dead,1896
dead at,959
you ll,4978
homeless man,1635
watch the,4691
pope francis,2914
not say,2532
are going,380
going to,1315
to heaven,4307
turns out,4477
not to,2535
to have,4305
have made,1449
in heaven,1737
pumpkin spice,2957
spice condoms,3338
and other,287
is not,1919
what was,4779
the internet,3786
the pumpkin,3939
spice condom,3337
for this,1230
come out,861
out with,2828
trying to,4470
his girlfriend,1595
man in,2255
in hospital,1741
to give,4301
see how,3188
hundred dollars,1661
and keep,267
how he,1649
him and,1556
food for,1193
claims that,843
his stomach,1618
through his,4211
mike seidel,2335
seidel was,3199
brian williams,658
nbc news,2432
the news,3869
news of,2460
cesar millan,806
is false,1899
report on,3026
death of,968
to be,4255
josh paler,2068
paler lin,2838
100 and,9
him to,1566
to see,4384
to the,4405
crater in,922
nicaraguan capital,2477
capital managua,768
ansar al,337
picture of,2884
in syria,1803
front line,1283
of syria,2667
up in,4512
has no,1417
no idea,2490
ended up,1077
up with,4519
with isis,4878
apple watch,365
has been,1406
been shot,581
shot at,3241
war memorial,4604
away from,495
the nation,3865
in nicaragua,1770
for several,1220
near managua,2436
for help,1205
small meteorite,3285
strikes in,3416
capital city,767
city of,827
meteorite impact,2316
see the,3190
the crater,3675
made in,2235
after being,80
shot by,3243
taliban sniper,3473
in afghanistan,1701
the islamic,3794
state and,3358
and the,306
the problem,3931
isis video,1970
video shows,4578
by us,741
near kobani,2435
isis fighters,1958
meant for,2289
isis militants,1967
work for,4914
absence from,60
we have,4713
nothing to,2541
to do,4283
do with,1025
at all,453
kurdish fighters,2127
end up,1076
the hands,3757
hands of,1385
of isis,2619
for isis,1211
shot in,3245
thanks to,3501
arrested for,407
been arrested,562
not been,2513
that it,3537
arrested in,408
in london,1759
is the,1941
the same,3967
last year,2138
street artist,3411
caught in,788
arrested and,406
year old,4952
old man,2715
reports of,3047
kansas city,2086
city the,828
the rumor,3962
died of,1012
heart attack,1524
this morning,4173
research medical,3054
medical center,2299
reports that,3050
does not,1029
not have,2521
being treated,609
treated for,4460
for ebola,1203
go to,1311
open to,2789
to all,4240
all of,136
of god,2602
michelle obama,2327
when the,4787
the president,3926
claims to,845
woman is,4902
not the,2534
the wife,4083
wife of,4841
isis leader,1964
al baghdadi,120
detained in,995
in lebanon,1757
baghdadi wife,508
told them,4436
out to,2827
to find,4292
red trail,3001
on his,2734
holiday in,1627
in bali,1712
jess smith,2048
sergeant at,3204
at arms,455
michael zehaf,2325
zehaf bibeau,4999
bibeau was,622
kevin vickers,2092
ottawa shooting,2813
arms kevin,399
on parliament,2745
parliament hill,2841
canadian parliament,764
day after,949
shot dead,3244
the first,3728
first time,1167
time he,4225
to hospital,4315
heaven and,1528
that there,3560
there is,4125
place in,2887
the family,3717
in your,1824
your own,4993
up for,4510
and it,264
it comes,1989
homeland security,1634
categorically false,783
that isis,3535
attempted to,479
to cross,4276
cross the,927
the mexico,3848
mexico border,2320
duncan hunter,1049
is is,1910
obama administration,2553
claim that,831
that at,3511
at least,461
least ten,2164
fighters have,1152
been caught,565
caught coming,787
coming across,868
across the,66
the mexican,3847
mexican border,2319
border in,640
in texas,1806
border patrol,642
least 10,2161
10 isis,6
plans for,2890
from all,1267
national war,2430
memorial in,2308
in ottawa,1780
macaulay culkin,2231
facebook twitter,1113
victim of,4562
of another,2572
culkin is,931
the latest,3816
authenticity of,491
charlie hebdo,810
star wars,3355
chemical weapons,811
chlorine gas,817
time capsule,4223
brick and,659
and mortar,280
store in,3399
bodies found,633
found in,1245
in mass,1762
mass graves,2274
because he,552
set to,3211
to play,4356
jobs in,2052
of apple,2575
apple co,359
co founder,855
upcoming biopic,4520
real life,2991
tries to,4463
to sell,4385
sell her,3200
her son,1544
son to,3316
try to,4469
their son,4102
to pay,4354
pay for,2855
medical treatment,2302
for his,1208
state house,3364
you can,4971
the shower,3982
cut off,935
with meat,4883
meat cleaver,2290
his penis,1613
no one,2495
one in,2774
in north,1772
allowed to,145
to share,4386
the name,3863
name of,2421
of kim,2628
attack on,474
named kim,2425
to save,4381
fox news,1252
twitter account,4479
pga tour,2876
to eat,4285
domestic violence,1031
monday night,2368
after it,83
used to,4541
app store,347
woods agent,4912
she is,3226
is safe,1930
safe and,3098
captured in,773
in kobani,1754
from his,1272
by his,730
the recording,3947
american journalist,166
in new,1769
breaking news,656
today the,4425
the entire,3702
entire world,1082
video showing,4577
officials and,2708
missing american,2359
more to,2385
to come,4268
state media,3368
people to,2867
to stop,4396
an english,189
english name,1079
state in,3365
in video,1816
titled message,4236
message to,2313
to america,4241
foley who,1187
who was,4833
was kidnapped,4635
kidnapped in,2095
in 2012,1697
at buckingham,456
buckingham palace,678
the queen,3941
queen garden,2970
is thought,1943
thought to,4200
be the,548
the biggest,3630
is it,1911
to stay,4395
us journalist,4530
to his,4312
his death,1586
as isis,419
him in,1562
the iphone,3789
hairgate is,1380
for work,1237
of new,2644
attacks on,476
new york,2453
york city,4965
plans to,2891
arrests for,409
possession of,2916
of marijuana,2635
against isis,94
school trip,3169
to get,4300
have contracted,1441
contracted ebola,900
iraqi health,1877
health ministry,1514
who says,4829
of suspected,2666
suspected ebola,3442
ebola cases,1061
cases in,781
the alleged,3597
alleged audio,143
the gunshots,3756
gunshots that,1361
that killed,3539
isis have,1961
media reports,2296
at first,457
missing students,2363
in mexico,1764
mass grave,2273
those of,4191
parents are,2839
school girls,3167
five day,1170
off his,2694
it in,2002
him for,1560
on social,2750
everyone is,1091
found dead,1244
dead in,961
once again,2770
after his,82
with him,4876
so he,3287
off and,2692
not in,2524
the hoax,3764
failed to,1118
oliver ilic,2717
his own,1610
told him,4429
him he,1561
was no,4643
leader in,2155
headquarters in,1512
killed in,2099
syria in,3451
forced to,1239
is no,1918
to their,4406
terror group,3487
group leader,1350
that one,3550
way to,4697
to tell,4403
paul rudd,2852
in detroit,1726
zack snyder,4998
detroit police,999
statement that,3381
that the,3558
the batmobile,3622
batmobile is,525
batman superman,523
superman dawn,3430
dawn of,948
of justice,2627
responded to,3059
to police,4357
facebook post,1112
post that,2923
that he,3528
he would,1508
himself in,1570
with new,4885
its first,2041
is going,1903
diane foley,1003
video message,4572
report that,3029
is under,1948
to release,4371
kidnapped schoolgirls,2096
canadian israeli,763
israeli woman,1977
kidnapped by,2093
been captured,564
isis in,1962
is actually,1881
the jihadists,3800
rosenberg was,3089
was in,4633
espn is,1084
iraqi official,1879
iraqi media,1878
in mosul,1766
look at,2213
the photo,3914
said to,3131
to show,4387
show the,3254
the body,3635
body of,634
of islamic,2621
leader abu,2153
abu bakr,61
bakr al,509
and found,244
in 2013,1698
his work,1620
low level,2227
level marijuana,2182
marijuana possession,2269
instead of,1841
response to,3060
to turn,4415
in to,1813
jihadi john,2049
named as,2424
as mohammed,424
mohammed emwazi,2365
emwazi from,1072
from london,1275
isis militant,1966
identified as,1666
about to,58
which could,4802
could be,911
world to,4933
shots fired,3248
fired in,1162
parliament building,2840
from west,1281
west london,4766
british aid,662
aid worker,108
worker david,4921
david haines,946
beheaded by,599
by isil,732
by islamic,734
execution of,1098
confirmed the,892
conde nast,881
at one,464
world trade,4934
anna wintour,332
vogue offices,4593
hit with,1624
rat infestation,2981
video is,4571
video of,4573
to fight,4291
was the,4672
the video,4065
of that,2669
man was,2260
the homeless,3768
video that,4579
with the,4892
off with,2697
in india,1744
would be,4936
more than,2383
than 000,3495
000 for,0
masked man,2272
birth to,625
to baby,4253
baby boy,498
gave birth,1286
had no,1373
was pregnant,4652
battery life,526
need to,2439
working to,4927
life of,2187
of its,2623
they could,4139
be used,550
carry out,778
are missing,384
missing from,2360
ahead of,106
of 11,2562
attack in,473
with ebola,4870
may be,2279
the 11,3577
in quebec,1788
open restaurant,2788
the sky,3988
and was,318
box of,653
fidel castro,1146
he is,1490
but the,708
the cuban,3678
is what,1950
what the,4777
the sun,4019
looks like,2218
meet the,2303
as the,435
the baby,3618
who shot,4830
opened fire,2790
who is,4825
footage of,1194
nathan cirillo,2427
died in,1011
suspect in,3440
he has,1488
his body,1580
the boy,3640
to parents,4353
the 1970s,3581
they re,4148
an important,197
years ago,4956
about how,53
for the,1227
the parents,3902
of 2014,2564
saudi arabia,3145
was stopped,4669
in africa,1702
in 2010,1695
known as,2120
as jihadi,421
john the,2058
behind the,603
there was,4129
was never,4642
the rounds,3960
enough to,1080
the middle,3849
middle of,2330
the record,3946
robert plant,3083
led zeppelin,2172
state militants,3370
militants have,2340
have not,1453
caught by,786
and see,299
see what,3191
what he,4772
he does,1482
with it,4879
judd nelson,2075
rumors that,3094
he died,1481
report is,3025
out on,2822
social media,3298
now the,2548
north korean,2505
korean leader,2126
leader kim,2156
ankle surgery,331
south korea,3330
to remove,4373
dictator kim,1004
both ankles,649
to know,4329
trade center,4455
are still,390
tribute to,4461
posted by,2926
the image,3777
but it,700
but that,707
that doesn,3523
it is,2004
to buy,4263
murder of,2407
of james,2624
it all,1979
photo of,2877
reported to,3038
new macbook,2447
will be,4845
12 inch,12
inch macbook,1825
macbook air,2232
of people,2651
was hoax,4632
by her,729
to try,4414
try and,4468
and get,248
police are,2902
are looking,383
looking for,2216
up to,4517
been stolen,582
young woman,4990
working for,4925
in somalia,1796
al shabaab,127
first look,1165
al shabab,128
abdel majed,44
majed abdel,2242
abdel bary,43
news site,2464
washington post,4682
london rapper,2210
militant who,2338
who beheaded,4818
on youtube,2769
porn star,2915
dc toy,956
toy collector,4454
areas in,397
living in,2204
effort to,1068
iphone plus,1866
it to,2027
bale is,511
caused by,790
luke somers,2229
aaron sorkin,40
in talks,1804
talks to,3477
in sony,1798
robots are,3084
are not,386
of commercial,2588
bugatti veyron,679
what it,4774
it seems,2019
the owner,3898
turned out,4475
be hoax,536
was just,4634
who made,4827
and now,283
his friends,1594
and has,253
customers in,934
in january,1751
story is,3404
los angeles,2220
so they,3296
closer to,851
to god,4303
quarter pounder,2969
about the,55
used for,4538
release of,3012
than 200,3496
be released,546
with boko,4867
seth rogen,3213
rogen is,3085
play apple,2892
steve wozniak,3390
his parents,1611
wife and,4840
son of,3314
of al,2566
of isil,2618
the arrest,3610
arrest of,405
the isis,3793
dna tests,1019
ex wife,1096
and daughter,237
after they,89
they were,4153
with fake,4871
to keep,4327
news website,2468
set up,3212
of your,2691
reset all,3055
all settings,138
you want,4985
want to,4599
icloud drive,1664
father neal,1131
who has,4823
is made,1916
made up,2240
first year,1169
in borno,1715
borno state,647
the leader,3820
leader of,2157
shortly after,3238
family of,1127
of five,2599
the ebola,3700
ebola virus,1064
up on,4514
won be,4908
areas of,398
near the,2437
the nicaraguan,3873
attributed to,483
penis on,2856
us air,4526
air strike,113
ahmed abdi,107
abdi godane,45
claims he,842
female god,1138
off their,2696
youtube channel,4996
to add,4237
with all,4862
was one,4647
one of,2775
so that,3293
the airport,3594
down the,1041
who had,4822
at hospital,460
hospital in,1639
watch to,4692
threatening to,4206
to cut,4277
the web,4075
claiming that,839
the street,4010
the death,3685
the child,3660
again the,91
is just,1912
another american,336
american hostage,165
at risk,465
on isis,2736
was made,4641
the time,4039
was killed,4636
appears to,355
to confirm,4270
the man,3833
to him,4311
and child,233
held in,1531
southern border,3333
and he,255
to deny,4279
you re,4979
re not,2985
not going,2520
to become,4256
on january,2739
the fact,3714
fact that,1115
is getting,1902
judicial watch,2076
20 years,17
showed up,3257
to meet,4339
charged with,809
his wife,1619
state of,3371
of america,2568
here is,1546
to report,4374
world most,4930
you the,4981
doubt that,1038
woman and,4901
the most,3859
set for,3209
electric boogie,1070
the end,3701
end of,1075
the game,3740
alan henning,129
why the,4838
the gold,3746
gold apple,1316
watch edition,4686
10 000,4
an apple,179
going on,1314
images of,1689
for some,1222
has died,1410
shooting at,3236
it would,2037
tried to,4462
to make,4337
it looks,2008
and they,310
on cnn,2728
killing of,2102
foley and,1177
he had,1487
was arrested,4613
five years,1171
and put,292
put on,2964
on terror,2752
but he,695
to syria,4400
syria to,3456
to join,4326
two years,4489
attempt to,478
hit by,1622
and another,222
stolen from,3396
state television,3374
linked to,2196
11 men,11
men and,2309
and women,327
in yemen,1823
defence ministry,975
during his,1051
to mosul,4341
president obama,2937
to move,4342
the force,3733
release date,3011
to attack,4251
isis claims,1956
an american,177
kayla mueller,2088
watch is,4688
18 karat,15
karat gold,2087
100 000,8
the next,3871
to take,4401
truce with,4467
on what,2766
iraq and,1867
and syria,304
says it,3159
it has,1999
deal with,964
new policy,2449
have captured,1437
kim had,2103
lead to,2152
nigerian officials,2483
officials say,2714
report says,3028
use of,4535
of chemical,2585
isis has,1960
by is,731
retina macbook,3070
shown in,3259
reports on,3048
to launch,4331
of british,2582
now in,2546
in our,1781
of weapons,2684
sources say,3328
it into,2003
and is,263
is coming,1894
apple may,362
retina display,3069
kim yo,2109
yo jong,4964
his sister,1616
or not,2798
taken over,3471
what we,4780
we know,4714
in charge,1719
in his,1740
american aid,161
according to,64
commercial airliners,874
islamist militants,1975
in libya,1758
isis supporters,1968
the power,3925
the north,3876
claim to,834
to behead,4257
civilians in,830
has agreed,1400
ceasefire deal,798
may have,2280
nigerian schoolgirls,2484
that will,3573
six months,3276
wants to,4601
to free,4298
but are,688
talking to,3476
the right,3956
ad supported,70
streaming service,3410
photos of,2879
if it,1676
suspended for,3445
as it,420
the story,4009
story in,3403
the past,3906
have beheaded,1436
to fly,4294
fighter jets,1149
purports to,2961
hip hop,1571
of american,2569
sharia law,3220
been confirmed,566
say they,3151
they will,4154
who claims,4819
youtube video,4997
have killed,1446
saddam hussein,3097
state group,3363
so far,3286
cbs news,795
as possible,429
appear to,350
graphic video,1340
claiming to,840
militant group,2337
journalist in,2070
united states,4499
showing the,3258
the beheading,3626
in late,1756
in march,1761
for apple,1199
the apple,3603
watch will,4693
iraqi and,1873
and kurdish,270
kurdish media,2129
deadly virus,963
but no,701
in us,1815
group is,1349
militants in,2341
has killed,1414
lives in,2202
danny boyle,940
is ebola,1897
meeting with,2305
has reportedly,1423
batman vs,524
vs superman,4595
who went,4834
went missing,4744
missing in,2361
media outlets,2295
report the,3030
might have,2332
western intelligence,4768
intelligence official,1845
bary is,519
foley killing,1182
british born,663
search for,3175
believed to,617
is this,1942
this the,4181
foley on,1184
for an,1197
this summer,4180
tim cook,4221
with apple,4866
the case,3651
the stolen,4007
stainless steel,3354
us airstrikes,4527
reportedly killed,3039
man says,2259
his boss,1581
his job,1602
million units,2350
was fired,4626
back the,503
it had,1997
had been,1363
has the,1428
the phone,3913
their hair,4097
iphone and,1865
and even,240
and apple,224
rumored to,3092
story of,3405
the high,3762
have an,1433
are being,373
air force,112
who said,4828
apple tv,364
talks with,3478
launch of,2148
launch in,2147
in april,1710
work on,4916
hbo now,1469
dropped by,1045
to apple,4248
back on,502
is so,1935
his ankles,1574
with two,4896
the people,3910
on twitter,2762
there has,4123
the war,4070
unconfirmed reports,4494
reports say,3049
down on,1040
canadian soldier,765
into the,1858
the white,4080
weapons and,4727
to appear,4247
heard in,1518
an audio,184
allegedly captures,144
return to,3071
bowe bergdahl,652
to return,4378
suspected of,3443
of trying,2680
in touch,1814
with al,4861
al qaida,125
as apple,412
founder steve,1249
the upcoming,4056
is very,1949
is in,1909
as part,428
part of,2844
of ceasefire,2584
ceasefire agreement,797
nigeria and,2479
and boko,231
and girls,249
so there,3295
might be,2331
through the,4212
vogue new,4592
no longer,2492
to work,4422
due to,1046
girls are,1298
are now,387
in february,1732
him with,1568
haram leader,1395
will release,4853
release the,3013
the kidnapped,3804
released by,3014
by boko,723
held by,1529
is currently,1895
in isis,1746
site of,3274
take part,3465
part in,2843
start at,3356
but is,699
in china,1721
how to,1653
to help,4308
do so,1023
the southern,3998
been apprehended,561
good for,1319
officer darren,2700
darren wilson,941
isis is,1963
the border,3637
43 students,36
rep duncan,3022
the only,3890
planning to,2889
after she,86
travelled to,4458
see him,3187
new video,2451
video but,4565
audio is,484
the moment,3856
asked for,444
ties to,4219
daughter and,942
may not,2281
an event,190
to hold,4314
this month,4172
watch and,4684
any other,342
hours of,1643
detained by,994
about his,52
and being,230
to start,4394
no way,2498
he could,1478
could have,913
on feb,2731
as much,425
much as,2404
security forces,3180
accused of,65
is fighters,1900
man with,2262
contact with,896
to its,4325
cub of,929
of baghdadi,2578
the cub,3677
baghdadi has,506
the youngest,4093
been killed,571
as he,416
he went,1506
went into,4743
his father,1591
told to,4437
in west,1819
failed rescue,1117
rescue attempt,3053
al qaeda,124
released from,3015
returned to,3072
british intelligence,664
the terror,4032
is one,1922
of these,2673
in on,1776
at his,459
his home,1600
appeared to,353
had his,1368
by an,719
says the,3162
control of,903
of north,2646
to fall,4290
the group,3752
went to,4746
fight with,1148
the kurds,3812
abducted by,46
been kidnapped,570
cause of,789
by al,718
over the,2834
the weekend,4077
using the,4544
be on,543
come in,860
come with,863
the washington,4071
high end,1550
iraqi forces,1875
rushed to,3096
ebola symptoms,1062
is reportedly,1928
likely to,2194
to an,4242
now it,2547
of their,2671
when they,4788
the device,3690
device is,1001
to change,4265
new report,2450
being the,608
cases of,782
fighters in,1153
pick up,2881
the front,3737
world health,4929
up at,4508
an isis,205
no comment,2486
apple is,361
be able,527
able to,50
when it,4785
you ve,4984
identity of,1671
after police,84
days after,951
the gunman,3755
is still,1937
still in,3394
the other,3895
been seen,580
kim has,2104
but in,698
in control,1724
kim is,2106
of london,2634
in apple,1709
because of,554
to some,4389
the claim,3663
banned from,516
watch has,4687
right to,3079
role in,3086
from its,1274
it could,1990
up this,4516
this story,4179
defense ministry,977
the last,3814
it with,2036
have had,1442
had contact,1365
when he,4784
he made,1493
last week,2137
of more,2639
said they,3129
wanted to,4600
do something,1024
the service,3977
not be,2512
the hollywood,3766
hollywood reporter,1628
the actor,3586
not right,2531
the part,3905
the film,3725
bale was,512
was announced,4611
week with,4738
saying that,3154
the best,3628
best actor,619
play jobs,2893
and that,305
had agreed,1362
agreed to,105
directed by,1015
by danny,725
slumdog millionaire,3284
three of,4208
apple product,363
product launches,2951
while it,4813
is now,1920
the movie,3861
is also,1883
leonardo dicaprio,2179
jobs but,2051
but also,687
the role,3959
before he,589
in september,1794
their relationship,4100
the 12,3578
david roy,947
roy fitch,3090
in an,1706
an exclusive,191
that she,3554
was an,4610
male genitalia,2252
with no,4886
also have,152
and no,281
decided to,970
her name,1543
name to,2422
and later,271
the woman,4084
of being,2580
however the,1655
throughout the,4213
the years,4091
on tinder,2758
in august,1711
on september,2748
one thing,2780
led to,2171
and we,319
we had,4712
time in,4226
in my,1767
my life,2415
that someone,3557
has made,1415
me feel,2283
feel like,1136
in october,1775
has yet,1430
yet to,4963
to respond,4377
we were,4724
of time,2678
is expected,1898
expected to,1102
will continue,4846
his heart,1599
and not,282
officially dead,2707
woke up,4900
up and,4507
and met,277
claimed to,838
father john,1130
john micheal,2057
micheal neal,2326
was rushed,4661
hospital after,1638
was declared,4622
the archbishop,3605
has said,1424
said that,3126
the full,3738
it might,2011
but don,692
don have,1032
in america,1705
has more,1416
has become,1405
to reports,4375
january 2015,2046
women and,4905
depending on,984
they are,4137
know what,2118
what you,4782
you and,4969
like the,2191
the one,3888
you will,4987
they also,4136
know that,2115
that they,3562
they have,4145
have the,1464
service to,3206
to anyone,4246
it may,2010
difficult to,1014
if the,1678
the person,3911
to run,4380
the building,3644
news has,2459
the way,4073
past the,2848
was only,4648
leading to,2160
that is,3534
was reported,4659
reported that,3036
before being,588
by the,739
had just,1369
inside the,1840
the door,3696
was then,4673
the ground,3750
spoke with,3345
as this,438
this weekend,4186
he believed,1475
as soon,434
soon as,3318
one person,2778
and one,285
first lady,1164
than the,3499
that would,3575
would have,4938
have to,1465
the reason,3944
the suspect,4022
he appeared,1473
in fact,1731
was found,4628
and his,257
his car,1584
that has,3526
has had,1412
high profile,1552
in recent,1790
recent years,2996
on sunday,2751
post reported,2921
it took,2028
house in,1646
in 2011,1696
members of,2307
the house,3773
and government,251
was first,4627
being held,605
make the,2247
the security,3975
to discuss,4282
discuss the,1018
there are,4119
that we,3568
talk about,3474
but we,712
we re,4718
to reach,4366
an interview,203
news that,2466
it will,2035
difficult for,1013
the american,3598
the agency,3590
after the,88
that can,3517
can be,754
he said,1498
play the,2895
bale has,510
came to,749
two weeks,4488
we needed,4717
actor on,69
said it,3117
it an,1981
an extremely,193
extremely difficult,1106
part and,2842
and can,232
be seen,547
to british,4261
the country,3674
de bretton,958
bretton gordon,657
head of,1510
the army,3609
army and,400
are doing,377
it and,1982
scorpions are,3171
even if,1085
couple of,919
out and,2817
are very,393
the main,3831
thing is,4156
said the,3127
were not,4760
but had,693
where he,4793
reported the,3037
were being,4751
being used,610
north of,2507
thousands of,4203
ago in,103
against the,98
the age,3589
age of,100
designed to,989
to look,4336
look like,2214
week the,4737
the site,3984
msnbc website,2403
whether the,4800
was still,4668
it also,1980
police officers,2909
the article,3611
of thousands,2676
was also,4608
responsible for,3062
that said,3553
home alone,1630
culkin was,932
few weeks,1145
weeks ago,4739
the band,3621
in november,1774
which was,4809
reference to,3003
lot of,2223
he added,1470
we ve,4722
some of,3304
of those,2675
kind of,2110
the second,3974
half of,1381
and then,308
then we,4117
made of,2237
that been,3513
but after,685
re going,2983
in that,1807
an australian,185
trip to,4464
to bali,4254
while he,4811
that when,3571
visit to,4588
diagnosed as,1002
an insect,199
away with,496
mr thomas,2402
inside of,1839
of him,2608
well after,4740
after running,85
tests and,3494
and putting,293
found out,1246
out it,2820
spider that,3342
been living,572
of me,2636
me for,2284
managed to,2263
get it,1292
it out,2016
he told,1502
his facebook,1589
the spider,4002
which is,4806
you do,4973
image via,1687
to iraq,4319
iraq to,1872
years old,4960
but was,711
was later,4638
confirmed by,889
scheduled to,3166
found the,1248
no evidence,2489
signs of,3263
an official,207
it just,2007
early to,1057
death the,969
comes just,867
was quoted,4655
quoted as,2975
as saying,432
life is,2186
and have,254
have never,1451
and all,219
not yet,2538
moved to,2395
number of,2550
speculated that,3336
kim was,2108
have taken,1463
interest in,1851
during the,1052
claimed he,835
has also,1403
also been,150
noted that,2539
among the,169
asked to,446
michael madden,2323
korea leadership,2125
leadership watch,2159
would not,4942
while the,4815
the uk,4051
the mirror,3854
speaking to,3335
the independent,3781
said of,3121
the reports,3954
declined to,973
to comment,4269
10 years,7
years and,4957
the very,4061
the majority,3832
majority of,2244
but they,710
in western,1820
have seen,1458
seen the,3198
there were,4130
plenty of,2896
the original,3894
york magazine,4966
but now,703
is reporting,1929
reporting that,3042
wall street,4597
the new,3868
that his,3530
came from,748
though he,4193
live in,2201
in it,1748
which he,4805
he doesn,1483
statement to,3383
business insider,684
brought to,668
the attention,3615
that these,3561
these claims,4132
claims are,841
false and,1121
up by,4509
the media,3839
media in,2294
the journalist,3802
journalist who,2073
wrote the,4947
the real,3943
we can,4701
at this,470
this point,4176
but if,697
most of,2388
come from,859
from an,1268
last month,2135
had to,1378
out that,2823
percent of,2872
mean that,2287
he not,1496
he just,1491
we ll,4715
to wait,4420
until the,4504
on this,2756
this one,4175
that could,3519
which it,4807
information to,1837
the report,3952
was published,4653
news and,2456
should have,3252
been taken,583
confirmed that,891
the earth,3699
the event,3703
was said,4662
made the,2239
the announcement,3600
to remain,4372
was going,4630
out the,2824
to hear,4306
they had,4144
to say,4382
sounds like,3322
officials said,2713
because the,556
the planet,3917
the good,3747
is that,1940
that this,3563
days in,954
that people,3552
reports in,3046
for him,1207
the university,4055
an article,181
the school,3970
year the,4954
the post,3923
made by,2233
the national,3866
picked up,2882
up the,4515
story the,3407
claimed the,837
year in,4951
vice president,4561
president of,2938
to more,4340
year to,4955
to recent,4369
said we,3133
students who,3421
of high,2607
said she,3125
when she,4786
and her,256
the word,4086
she said,3227
it did,1991
it didn,1992
put the,2965
school in,3168
her husband,1541
on her,2733
her and,1533
them to,4109
along with,147
the car,3650
car and,776
leaving the,2167
where they,4796
was so,4666
people were,2869
at her,458
revealed that,3075
of her,2606
and what,323
if he,1675
the local,3828
the dog,3695
kai was,2085
the scottish,3972
to three,4412
three years,4210
scottish spca,3173
taylor said,3481
said in,3114
world the,4932
abandoning an,42
an animal,178
is an,1884
and if,259
to determine,4280
left the,2177
regardless of,3009
left with,2178
this was,4184
cruel incident,928
incident and,1828
we are,4699
keen to,2089
to identify,4316
identify the,1669
were able,4749
have any,1434
any information,340
information on,1836
that what,3570
what happened,4771
to one,4349
on thursday,2757
lefevre said,2173
said he,3110
thursday morning,4214
delivered to,979
they said,4149
to our,4352
and took,314
took it,4442
said his,3112
video posted,4575
posted on,2927
shows the,3260
the driver,3697
himself as,1569
six years,3279
he came,1477
he never,1495
for one,1218
the company,3668
all the,140
like that,2190
group of,1351
other people,2809
to think,4409
think about,4157
people in,2862
think they,4161
something like,3310
like this,2192
on it,2737
and you,330
you could,4972
time we,4233
the top,4042
and this,311
was told,4675
doctors at,1027
medical centre,2300
suffering from,3424
with some,4889
the red,3948
began to,596
the medical,3840
woman who,4904
was given,4629
given the,1307
variety of,4547
in which,1822
seem to,3193
for example,1204
be in,537
between the,621
the usual,4059
she has,3225
as one,427
and went,321
went on,4745
testosterone blockers,3493
with my,4884
my name,2416
prior to,2947
to any,4245
problem is,2950
people that,2864
of my,2642
you don,4974
as man,422
one can,2772
can say,760
they knew,4147
me as,2282
under the,4496
as being,413
in her,1738
to protect,4360
since he,3268
to my,4344
that didn,3522
whether he,4797
do not,1022
not know,2527
her facebook,1539
on november,2743
now been,2545
such as,3423
the daily,3680
daily mail,937
on wednesday,2765
she wrote,3232
heard from,1517
is being,1892
being reported,607
like to,2193
to me,4338
right now,3078
that had,3525
the facts,3715
an hour,194
believe this,614
in 2014,1699
leader abubakar,2154
abubakar shekau,62
shekau said,3233
months ago,2377
its fighters,2040
nigerian government,2481
they would,4155
be freed,534
year ago,4949
in videos,1817
hard to,1398
is likely,1914
to raise,4365
the government,3748
the release,3950
the girls,3743
girls who,1304
who were,4835
were kidnapped,4756
married them,2271
them off,4107
are all,370
all in,135
in their,1809
converted to,907
to islam,4323
this and,4164
they can,4138
girls were,1303
haram in,1393
in chad,1718
we don,4706
don know,1033
if we,1682
now we,2549
we will,4725
his head,1597
head the,1511
people with,2871
we want,4723
he says,1500
from college,1270
in july,1752
to boko,4259
the ceasefire,3655
supported by,3432
the violence,4067
since the,3271
the actual,3587
the five,3730
an islamic,206
which has,4804
western education,4767
education is,1067
town of,4453
of nigeria,2645
alex badeh,130
announced the,335
dozens of,1043
people and,2858
to flee,4293
on friday,2732
government has,1327
are also,371
within the,4898
editing by,1065
her to,1545
she had,3224
has reported,1422
the blog,3632
2012 and,21
the father,3719
she also,3222
point of,2898
of what,2687
was about,4606
few days,1143
something that,3311
even though,1089
find out,1159
that way,3567
on to,2759
decision to,972
would do,4937
the exact,3705
all over,137
again but,90
http co,1656
be made,540
intended to,1850
the law,3818
violence and,4587
and said,295
stop the,3398
international airport,1853
dressed in,1044
was spotted,4667
waiting for,4596
west africa,4765
officials have,2711
have said,1457
the incident,3780
uploaded to,4525
the russian,3964
he did,1479
in all,1704
it does,1994
taken by,3468
with an,4863
prime minister,2946
the us,4057
us and,4528
is known,1913
known for,2121
nothing more,2540
so the,3294
there the,4128
course the,920
it hard,1998
to believe,4258
the fake,3716
following the,1191
is on,1921
and its,265
just one,2082
off the,2695
200 000,18
story to,3408
their own,4099
media the,2297
with their,4893
for their,1228
the state,4005
story was,3409
everything we,1093
you see,4980
piece of,2886
reported by,3031
it as,1984
though it,4194
the sale,3966
sale of,3139
it but,1986
that not,3548
the true,4047
you have,4976
on an,2719
times and,4234
not just,2526
those who,4192
the british,3641
the telegraph,4031
york post,4967
started to,3357
few months,1144
have no,1452
vladi private,4590
private islands,2948
took the,4445
that after,3502
but when,713
it for,1996
him as,1557
as we,439
however it,1654
it the,2025
it on,2015
not for,2518
time that,4230
time and,4222
the price,3928
you are,4970
think it,4159
in this,1810
airstrikes against,117
of jordanian,2625
jordanian pilot,2066
would make,4941
what is,4773
which had,4803
making the,2251
pic twitter,2880
twitter com,4481
against isil,93
of state,2663
in any,1708
air strikes,114
local media,2207
is set,1933
the official,3884
in chief,1720
chief of,814
the jordanian,3801
the king,3808
any of,341
said but,3107
he may,1494
verified the,4551
the authenticity,3617
recording that,3000
ferguson missouri,1140
police officer,2908
18 year,16
to death,4278
with friend,4872
be heard,535
the background,3620
video to,4582
the fbi,3720
told cnn,4427
six shots,3277
followed by,1189
by four,728
an autopsy,186
by brown,724
brown family,671
the unarmed,4052
least six,2163
six times,3278
post the,2924
is absolutely,1880
and our,289
not only,2530
blog post,628
message is,2312
be verified,551
this case,4166
case the,780
video in,4570
in question,1789
was created,4621
at 12,451
on saturday,2746
time to,4232
lester holt,2181
north carolina,2502
for us,1234
you would,4988
person who,2874
the meal,3838
was apparently,4612
the late,3815
york times,4968
the times,4040
how the,1652
for more,1216
respond to,3058
for comment,1200
comment on,872
has already,1402
the idea,3775
security guard,3181
and are,225
can see,761
they do,4142
on and,2720
work to,4917
law enforcement,2150
24 hours,29
where it,4794
it should,2020
the robots,3958
safety of,3099
that and,3507
used in,4539
but as,689
eyes and,1108
described as,987
on monday,2740
the back,3619
in what,1821
police have,2906
and on,284
on tuesday,2761
believe that,612
described the,988
the prime,3929
but said,706
the two,4050
crimes are,925
and will,326
will have,4849
have left,1447
left his,2176
is how,1907
in south,1799
the attack,3614
the town,4044
and at,229
thought it,4197
when you,4791
you think,4982
it it,2006
is really,1926
any time,343
she would,3231
have come,1439
on my,2741
said if,3113
if anyone,1673
regarding the,3008
lost his,2222
the early,3698
group the,1354
him up,1567
wonder mike,4909
master gee,2276
to her,4309
the trio,4045
rapper delight,2980
so sad,3291
of our,2649
our brother,2814
rest in,3063
in peace,1783
that all,3503
homeless people,1636
around with,404
the money,3857
video has,4568
money to,2370
named thomas,2426
the liquor,3826
liquor store,2198
the store,4008
the park,3903
food and,1192
only to,2787
he didn,1480
didn know,1009
in need,1768
he then,1501
his family,1590
family home,1125
in addition,1700
addition to,75
close to,850
000 people,1
changed his,807
his life,1605
said on,3122
video was,4583
sort of,3320
one day,2773
is available,1889
in st,1801
none of,2499
of it,2622
version of,4553
evidence that,1095
on nov,2742
the pope,3920
that day,3520
of all,2567
ago the,104
it wasn,2033
next day,2472
and also,220
it up,2030
saying we,3156
of two,2681
the use,4058
gave him,1287
media and,2292
story that,3406
was known,4637
of several,2656
news outlets,2462
and others,288
based on,521
contributed to,902
to this,4410
so much,3290
for it,1212
the day,3681
the public,3937
are so,389
too good,4440
good to,1320
to check,4266
were also,4750
the more,3858
that may,3545
be true,549
in some,1797
the website,4076
least one,2162
saying the,3155
type of,4490
and to,312
to offer,4348
his real,1614
spice flavored,3339
just before,2079
before the,593
determined to,997
he got,1486
the young,4092
young man,4989
the hope,3769
them and,4103
the city,3662
north eastern,2503
eastern china,1059
event in,1090
and had,252
him by,1559
the scene,3969
to put,4364
the three,4038
said was,3132
and decided,238
to another,4244
to ask,4250
me to,2286
saying he,3152
can even,756
added the,73
there lot,4126
the hospital,3770
though the,4196
said as,3104
as his,417
earlier this,1055
do it,1021
at that,467
two other,4487
didn even,1007
12 seconds,13
hours later,1642
over to,2835
house and,1644
him the,1565
the doctors,3693
might not,2333
his first,1592
thomas said,4189
in and,1707
was believed,4616
all been,132
the creature,3676
can get,758
we thought,4721
out there,2825
of any,2573
the western,4079
ve never,4549
never heard,2442
heard of,1519
of spider,2661
the skin,3987
series of,3205
thought they,4199
of an,2570
so it,3288
were the,4762
the subject,4015
subject of,3422
then the,4116
from their,1280
those are,4190
are true,392
case is,779
they want,4152
is true,1945
we all,4698
all have,134
when we,4790
and in,260
dead or,962
alive and,131
it he,2001
can do,755
do is,1020
but not,702
think he,4158
to other,4351
him at,1558
he been,1474
the streets,4011
explained that,1103
to use,4418
use the,4536
campaign to,753
him on,1563
the road,3957
was trying,4676
saturday night,3144
his back,1578
the camera,3646
past two,2849
two days,4485
the network,3867
reporting from,3041
camera and,750
turned around,4474
around and,402
the social,3991
had more,1372
make sure,2246
the victim,4063
of some,2660
was on,4646
the air,3592
daily news,938
the rumors,3963
hit the,1623
make it,2245
why we,4839
working with,4928
about what,59
thank you,3500
you to,4983
whole thing,4836
nydailynews com,2552
mobile device,2364
device click,1000
click here,849
here to,1548
claimed that,836
the popular,3921
news agency,2455
media as,2293
facebook and,1110
and twitter,315
has gone,1411
gone viral,1318
born in,646
name for,2418
member of,2306
his brain,1582
of this,2674
stated that,3377
news conference,2457
and would,329
tv show,4478
and well,320
the truth,4048
well as,4741
that its,3538
are currently,376
confirmed it,890
this video,4183
to earth,4284
2014 rc,24
asteroid that,450
the meteorite,3846
one was,2781
authorities have,492
whether it,4798
believed the,616
said all,3102
the evidence,3704
on site,2749
with any,4865
nicaraguan institute,2478
institute of,1842
the explosion,3709
the outskirts,3897
outskirts of,2832
took place,4444
and left,272
the size,3986
size of,3280
for that,1226
that to,3565
to study,4397
it more,2012
rosario murillo,3088
murillo said,2408
work with,4918
happened the,1388
its way,2043
civil war,829
to twitter,4416
the vehicle,4060
company has,876
nature of,2431
twitter to,4482
history of,1621
the future,3739
fighting in,1155
city and,825
been the,584
scene of,3165
president bashar,2935
forces and,1240
controlled by,905
of iraq,2616
syria isis,3452
this report,4177
guard at,1357
said there,3128
not immediately,2523
if there,1679
the parliament,3904
he saw,1499
centre block,803
and there,309
outside the,2831
of parliament,2650
the shooting,3979
the area,3607
an ambulance,176
was working,4681
the wall,4069
fired at,1161
police said,2910
the heart,3761
heart of,1525
are in,381
and as,227
the masked,3835
intended for,1849
of kobane,2629
that were,3569
workers party,4923
the militant,3850
the military,3852
which the,4808
the associated,3612
associated press,447
the syrian,4024
syrian observatory,3460
observatory for,2559
for human,1209
human rights,1658
past few,2847
targets in,3479
in early,1727
august the,488
water and,4694
the department,3687
department of,982
of defense,2593
of them,2672
news reported,2463
late last,2140
area of,395
the iraqi,3791
iraqi army,1874
an area,180
were in,4755
lack of,2130
to kill,4328
there no,4127
middle east,2329
willing to,4857
the year,4090
despite the,990
identified in,1667
in 2008,1693
in one,1777
was held,4631
are the,391
report said,3027
war in,4603
there had,4122
in its,1749
way of,4696
the extremist,3710
extremist group,1107
state isis,3367
isis and,1954
al nusra,123
the black,3631
since then,3272
this would,4187
happen to,1387
we would,4726
to pull,4362
to nearby,4345
the guardian,3753
to local,4335
removed the,3021
in eastern,1728
or the,2800
before it,591
removed from,3020
supposed to,3433
they didn,4141
that some,3556
tell you,3483
can find,757
the central,3657
work in,4915
government said,1332
in statement,1802
statement on,3379
after an,79
real time,2993
one or,2777
world news,4931
news daily,2458
daily report,939
to them,4407
the following,3731
total of,4448
were found,4754
source said,3324
man named,2257
paul horner,2851
had the,1377
both the,651
the bbc,3623
police chief,2904
press conference,2939
conference to,884
to announce,4243
written by,4944
said you,3136
so many,3289
for you,1238
is from,1901
to talk,4402
police in,2907
story has,3402
saying it,3153
the patient,3907
this time,4182
is suffering,1938
or if,2796
comes after,864
building in,680
the situation,3985
the united,4054
prepared to,2933
them as,4104
continue to,897
to provide,4361
officials are,2709
monitoring the,2371
the recent,3945
details of,992
he will,1507
the big,3629
is unclear,1947
the church,3661
cautioned that,793
believed that,615
was at,4614
director of,1017
if that,1677
because they,557
something to,3312
but there,709
spokesman for,3346
council said,916
up his,4511
scroll down,3174
down for,1039
for video,1235
and gave,247
home in,1632
to treat,4413
has since,1426
the newspaper,3870
but do,691
was very,4678
just to,2084
was taken,4671
national report,2428
says that,3161
have also,1432
video which,4584
his arrest,1576
metropolitan police,2318
police and,2901
them the,4108
pictures of,2885
comes from,866
press release,2940
rather than,2982
the picture,3915
you get,4975
as if,418
has confirmed,1408
many people,2268
for now,1217
back in,500
since his,3269
middle class,2328
image of,1686
president barack,2934
barack obama,517
deny the,981
claim the,832
of one,2647
taken from,3469
the saudi,3968
director at,1016
embassy in,1071
in washington,1818
airport and,115
the palace,3900
that her,3529
showed the,3256
the meeting,3841
videos of,4586
in order,1779
order to,2804
obama and,2554
secretary of,3178
national security,2429
in front,1735
front of,1284
following his,1190
interview with,1856
of women,2689
to speak,4390
have in,1444
in terms,1805
terms of,3484
obama said,2557
to contact,4271
group boko,1346
haram is,1394
ceasefire with,799
the nigerian,3874
government was,1337
northeastern nigeria,2508
agence france,101
france presse,1253
where the,4795
was reportedly,4660
thus far,4217
refused to,3006
video the,4580
working in,4926
later released,2143
government and,1323
continues to,899
in northern,1773
northern nigeria,2510
since 2009,3266
to secure,4383
200 schoolgirls,19
of chibok,2586
haram and,1390
the schoolgirls,3971
islam and,1971
we did,4703
not negotiate,2529
we should,4719
says in,3158
for its,1213
girls in,1301
clear if,846
carried out,777
out by,2818
group has,1347
as result,431
result of,3067
the boko,3636
2013 the,23
nigerian military,2482
fight against,1147
haram the,1397
united nations,4498
rights watch,3081
forces have,1241
north and,2501
the south,3997
by lebanese,735
lebanese authorities,2169
the sister,3983
sister of,3273
in southern,1800
interior ministry,1852
abdul hamid,48
hamid al,1382
al dulaimi,122
by authorities,722
sentenced to,3201
ministry spokesman,2355
spokesman said,3347
wednesday the,4733
the terrorist,4033
dulaimi and,1047
saja al,3138
was part,4649
of group,2603
in exchange,1730
exchange for,1097
security officials,3184
officials in,2712
tuesday the,4472
the lebanese,3822
lebanese army,2168
as they,437
from syria,1278
woman was,4903
and so,301
revealed the,3076
she told,3229
the rest,3955
rest of,3064
and after,218
it time,2026
to hide,4310
my friends,2412
but only,705
his mother,1606
of four,2601
the west,4078
many of,2267
name was,2423
house of,1647
seems to,3195
and were,322
the life,3825
confirm the,887
the document,3694
should be,3251
in many,1760
the impact,3779
as of,426
to live,4334
and two,316
to bring,4260
who are,4817
that an,3506
with its,4880
is only,1923
access to,63
the property,3936
seen on,3197
the summer,4018
more information,2379
has allegedly,1401
residents of,3056
the reported,3953
tuesday that,4471
was to,4674
for her,1206
must be,2409
time the,4231
ministry of,2353
years in,4958
in jail,1750
told reuters,4433
known to,2122
of commons,2589
in black,1714
over his,2833
just how,2081
of security,2655
act of,67
concerned about,880
of himself,2609
the men,3843
of shots,2657
an unarmed,214
he wears,1505
he took,1503
the sergeant,3976
someone who,3308
his office,1609
killed him,2098
at an,454
died from,1010
the previous,3927
to leave,4332
leave the,2166
finished the,1160
video he,4569
was put,4654
and an,221
was like,4640
how many,1650
they say,4150
said and,3103
militants were,2342
border the,643
of homeland,2611
told fox,4428
suggestion that,3427
who have,4824
to isil,4321
apprehended at,367
the southwest,3999
southwest border,3334
border is,641
not supported,2533
by any,720
any credible,339
credible intelligence,924
intelligence or,1847
facts on,1116
no credible,2487
intelligence to,1848
to suggest,4398
terrorist organizations,3491
organizations are,2807
are actively,369
actively plotting,68
plotting to,2897
greta van,1341
van susteren,4546
from mexico,1276
it when,2034
when asked,4783
got the,1322
the information,3782
asked the,445
you know,4977
dozens more,1042
more that,2384
that did,3521
get caught,1291
say if,3147
spokesperson for,3348
to follow,4296
the levant,3823
fighters were,1154
to that,4404
johnson said,2060
along the,146
the intelligence,3784
reports from,3044
intelligence community,1844
for something,1223
the congressman,3671
during an,1050
terrorist group,3490
group that,1353
would likely,4940
wednesday that,4732
conversation with,906
high level,1551
the show,3981
the matter,3837
the process,3932
the lead,3819
will also,4843
john who,2059
on as,2721
take place,3466
also said,155
with this,4895
expect to,1101
this movie,4174
take the,3467
the night,3875
less than,2180
the former,3735
his alleged,1573
the claims,3664
been in,569
spoke to,3344
the the,4035
this article,4165
chief executive,813
has taken,1427
group which,1355
to spend,4392
had not,1374
people are,2859
said mr,3119
so we,3297
had said,1375
has in,1413
the killing,3806
the lack,3813
consistent with,895
is shown,1934
the decision,3686
the execution,3706
their families,4095
of three,2677
an attack,183
the pentagon,3909
on one,2744
and medical,276
medical supplies,2301
to kurdish,4330
kurdish forces,2128
two of,4486
but one,704
pentagon spokesman,2857
caused the,791
the weapons,4074
reports have,3045
indicated that,1833
believe it,611
the small,3989
is believed,1893
to contain,4272
the capsule,3649
idea of,1665
the contents,3672
details on,993
on their,2755
next week,2475
the boston,3638
capsule was,770
an ongoing,209
next year,2476
in place,1784
involved in,1863
after some,87
put it,2963
put in,2962
back into,501
them in,4106
the oldest,3887
that time,3564
in good,1736
america and,160
it very,2031
is another,1886
the old,3886
government that,1335
turned up,4476
and when,324
in time,1812
time for,4224
same day,3140
think that,4160
that amazon,3505
it doesn,1995
company was,877
missing since,2362
confrontation with,894
with police,4888
was among,4609
attorney general,481
continued to,898
the police,3918
and police,290
of iguala,2614
links to,2197
worked with,4920
the students,4014
officials had,2710
attack but,472
in iguala,1743
were killed,4757
been no,577
sign of,3262
the missing,3855
three weeks,4209
are believed,374
the bodies,3634
some time,3307
victims of,4563
very little,4555
and relatives,294
state capital,3360
night of,2485
for information,1210
know the,2116
south of,3332
mexico city,2321
chopped off,818
too much,4441
unable to,4493
could not,914
out in,2819
by aaron,717
social network,3299
on walter,2764
walter isaacson,4598
apple and,357
the ipod,3790
david fincher,945
the project,3935
sorkin said,3319
the beatles,3624
the highest,3763
highest bidder,1555
her daughter,1537
co uk,856
the mother,3860
up until,4518
29 year,32
meng xiangyan,2310
that apple,3509
whether or,4799
making it,2250
is and,1885
bit of,626
of light,2633
wears his,4728
his apple,1575
even in,1086
with what,4897
say that,3149
apple ceo,358
what sounds,4776
similar to,3265
have more,1450
although it,157
apple will,366
by saying,738
efforts to,1069
is trying,1946
to ensure,4287
was struck,4670
was brought,4619
have confirmed,1440
was fatally,4625
more shots,2382
shots were,3250
were fired,4753
the fatal,3718
and told,313
minister stephen,2352
stephen harper,3387
that if,3531
it came,1987
to it,4324
has to,1429
it said,2018
the canadian,3647
free press,1256
although the,158
of snow,2659
have now,1454
most popular,2390
and any,223
the beginning,3625
no such,2496
the global,3744
the number,3878
running the,3095
000 square,2
earlier in,1054
year and,4950
sure the,3438
it been,1985
are expected,378
attempting to,480
suresh kumar,3439
was seen,4663
taken to,3472
butcher shop,715
with sticks,4890
than an,3498
said no,3120
help the,1532
could see,915
ground and,1343
had lot,1371
of intolerable,2615
intolerable offences,1860
offences against,2698
against women,99
women in,4906
this country,4168
country recently,918
recently with,2997
with girls,4873
girls being,1299
being raped,606
and molested,278
molested and,2367
time it,4227
it stopped,2024
to hand,4304
hand themselves,1383
themselves in,4110
as deplorable,414
deplorable as,986
as these,436
these crimes,4133
are law,382
law and,2149
and order,286
order has,2803
be maintained,541
maintained and,2241
not lynch,2528
lynch justice,2230
most recent,2391
found that,1247
obama has,2556
un and,4491
south korean,3331
supreme leader,3434
authorities should,493
should make,3253
list of,2199
sure that,3437
the names,3864
kim il,2105
il sung,1685
and kim,269
jong il,2062
the 2011,3582
was real,4656
no doubt,2488
man is,2256
information about,1834
said have,3109
they did,4140
the account,3585
spokesperson told,3349
in response,1791
news the,2467
to fox,4297
the hashtag,3758
the center,3656
ability to,49
wrote in,4945
monday that,2369
as an,411
wooded area,4911
residents reported,3057
reported hearing,3033
hearing loud,1523
humberto saballos,1660
an asteroid,182
by earth,726
international experts,1854
for any,1198
other than,2810
about their,56
has now,1419
an internet,202
with another,4864
the pga,3912
in 2004,1691
heard that,1521
it something,2022
on that,2753
that in,3532
no truth,2497
to these,4408
and completely,235
ll be,2206
placed in,2888
been made,573
her family,1540
day in,950
had gone,1367
free the,1257
the tiny,4041
been identified,568
before she,592
episode of,1083
among other,168
the table,4025
of domestic,2595
failure to,1119
word of,4913
twitter and,4480
of other,2648
statement from,3378
the nfl,3872
to address,4238
millions of,2351
the issue,3797
issue of,1978
add to,71
reached out,2986
told us,4438
unlikely that,4503
covering the,921
and more,279
been named,576
the fish,3729
toll barn,4439
barn veterinary,518
veterinary centre,4558
later and,2141
vet faye,4557
faye bethell,1133
the 50,3584
that on,3549
heart rate,1526
months old,2378
string of,3418
including the,1830
this year,4188
it difficult,1993
operation to,2791
the workers,4087
toward the,4450
users of,4542
to rise,4379
depends on,985
on how,2735
aware of,494
very strong,4556
be more,542
week that,4736
ashton kutcher,441
be an,529
needs to,2440
the tour,4043
month of,2373
outside of,2830
much more,2405
if this,1681
familiar with,1122
situation in,3275
facebook page,1111
was abducted,4605
called the,747
purporting to,2960
post and,2920
reported on,3035
the israeli,3796
travel to,4456
syria for,3450
the northern,3877
the comments,3666
hospital where,1640
he wrote,1509
at their,469
the audio,3616
back and,499
related to,3010
tied to,4218
and food,242
the spca,4000
name is,2420
us the,4532
the statement,4006
will look,4850
until we,4505
health and,1513
islamist group,1974
haram has,1392
government had,1326
government spokesman,1333
boarding school,632
the third,4036
four years,1251
the 13,3579
state to,3376
threat to,4204
president goodluck,2936
goodluck jonathan,1321
government officials,1331
recent weeks,2995
war against,4602
of us,2682
he and,1472
begins with,597
to investigate,4318
coming from,869
the sound,3995
just happened,2080
area the,396
the filming,3726
was uploaded,4677
uploaded by,4524
month and,2372
group and,1345
real name,2992
the song,3994
was released,4658
landed in,2131
the hot,3772
in part,1782
released the,3018
mother of,2393
been able,560
the pair,3899
their first,4096
talking about,3475
referring to,3005
in possession,1785
its own,2042
and some,302
released video,3019
syria the,3455
long and,2211
states in,3385
but has,694
since been,3267
been removed,578
the terrorists,4034
against is,92
the airstrikes,3595
slippery slope,3282
slope towards,3283
towards new,4451
new war,2452
against muslims,96
his knees,1603
an orange,212
orange jumpsuit,2802
us government,4529
government is,1328
is his,1905
well the,4742
the message,3844
what appears,4769
british accent,661
journalist steven,2072
steven joel,3391
worked for,4919
for time,1233
of last,2631
the executioner,3707
foley was,1186
2011 he,20
forces in,1242
of which,2688
boston globe,648
don want,1036
is important,1908
his disappearance,1587
syria on,3453
then she,4114
she added,3221
possible that,2918
said people,3124
state run,3372
english language,1078
think you,4162
here what,1549
the virus,4068
the images,3778
contracted the,901
the deadly,3683
airport in,116
image was,1688
him that,1564
been found,567
the grounds,3751
be eating,532
eating any,1060
amanita muscaria,159
fly agaric,1172
on christmas,2727
christmas day,821
it shows,2021
have long,1448
palace garden,2837
the garden,3741
an effort,188
the catholic,3653
he also,1471
because she,555
could get,912
was set,4664
be one,544
his brother,1583
the footage,3732
that no,3547
intelligence agencies,1843
the jets,3798
more of,2381
the aircraft,3593
the anniversary,3599
anniversary of,333
sept 11,3202
attacks against,475
that are,3510
said one,3123
one official,2776
we found,4710
on sept,2747
what can,4770
can happen,759
state department,3361
confirm that,886
the officials,3885
not confirmed,2516
tripoli international,4465
by two,740
be allowed,528
to continue,4273
de blasio,957
stop and,3397
questions about,2972
the policy,3919
border and,639
isis the,1969
the administration,3588
referred to,3004
it makes,2009
makes sense,2249
left hand,2175
for long,1215
long time,2212
the obama,3881
never been,2441
doesn have,1030
they don,4143
an air,173
hunter said,1663
said adding,3101
adding that,74
group said,1352
to prevent,4359
prevent the,2943
denied that,980
the militants,3851
militants had,2339
burned alive,682
they ve,4151
of how,2613
mention of,2311
of president,2652
times reported,4235
to receive,4368
also reported,154
the kingdom,3809
say the,3150
the capital,3648
capital of,769
knowledge of,2119
of health,2605
life the,2188
people have,2861
published on,2956
the royal,3961
home and,1631
when was,4789
some sort,3306
control over,904
not want,2537
it still,2023
added that,72
to as,4249
as many,423
many as,2266
getty images,1294
how much,1651
last few,2134
isis may,1965
health organization,1515
newspaper al,2469
al sabah,126
of mosul,2640
iraqi government,1876
government newspaper,1329
pro government,2949
for sure,1224
ve seen,4550
are no,385
doctors in,1028
that have,3527
to diagnose,4281
ebola the,1063
believe the,613
reporting the,3043
wasn enough,4683
wednesday morning,4731
that allegedly,3504
captured the,774
the shots,3980
for all,1196
is something,1936
thought the,4198
the officer,3883
police car,2903
shot and,3240
all that,139
the tape,4028
the clip,3665
to build,4262
to create,4275
an image,195
interpretation of,1855
the possibility,3922
everything in,1092
the lives,3827
lives of,2203
twitter user,4483
and just,266
stories are,3400
only the,2786
shared the,3219
announced that,334
by ferguson,727
on august,2723
shots can,3247
pause and,2853
then another,4112
quick succession,2973
of six,2658
that pause,3551
just the,2083
attorney lopa,482
lopa blumenthal,2219
blumenthal told,631
don lemon,1034
his identity,1601
shooting and,3235
heard the,1522
on video,2763
video chat,4566
happened to,1389
same time,3141
blumenthal said,630
independently verify,1832
verify the,4552
for confirmation,1201
confirmation of,888
the pause,3908
police shooting,2912
brown is,673
and killed,268
heard on,1520
the brown,3642
incident the,1829
there could,4120
and friend,245
friend of,1263
dorian johnson,1037
of brown,2583
brown who,676
was walking,4679
shot brown,3242
ran away,2978
said brown,3106
ferguson police,1142
shortly before,3239
his friend,1593
that includes,3533
said monday,3118
students were,3420
set of,3210
ap photo,345
impossible to,1690
the remains,3951
guerrero state,1358
an operation,211
to capture,4264
official said,2704
if any,1672
minutes before,2356
before they,594
years the,4961
40 year,35
border with,645
the suffering,4016
suffering of,3425
towards the,4452
to rescue,4376
grew up,1342
is based,1890
based in,520
that while,3572
home the,1633
commented on,873
of today,2679
the key,3803
the source,3996
month when,2376
went viral,4747
more likely,2380
of spiders,2662
hoping to,1637
most people,2389
san francisco,3142
both of,650
first appeared,1163
appeared on,352
the cdc,3654
posted the,2929
will happen,4848
and asked,228
the product,3933
do you,1026
culkin has,930
said at,3105
that you,3576
it now,2014
on your,2768
morning the,2386
the international,3785
hoax story,1625
he called,1476
which are,4801
american airstrikes,162
killed the,2100
press secretary,2941
john kirby,2056
kirby said,2112
of mr,2641
the strike,4012
meet with,2304
first to,1168
spread the,3351
pointed out,2899
the face,3712
face of,1109
cooked meat,909
there have,4124
range of,2979
police spokesman,2913
already been,148
old son,2716
and made,274
she and,3223
the burger,3645
be killed,539
told that,4434
the fight,3722
were told,4763
the women,4085
foley an,1176
video released,4576
released on,3016
his face,1588
to foley,4295
strikes against,3414
any attempt,338
attempt by,477
by you,742
obama to,2558
safety under,3100
islamic caliphate,1972
caliphate will,744
will result,4854
result in,3066
the bloodshed,3633
bloodshed of,629
your people,4994
people the,2865
call on,745
friends family,1265
family members,1126
and loved,273
loved ones,2226
ones to,2782
rise up,3082
up against,4506
against my,97
my real,2417
real killers,2990
killers the,2101
it isn,2005
and security,298
video from,4567
investigating the,1861
looking into,2217
source of,3323
the soldier,3992
video then,4581
then ran,4113
several more,3215
report from,3023
the detroit,3689
of batman,2579
year that,4953
our son,2816
he gave,1485
gave his,1288
life trying,2189
to expose,4289
expose the,1104
syrian people,3461
people we,2868
syria or,3454
journalist and,2069
that their,3559
told buzzfeed,4426
buzzfeed news,716
before we,595
or two,2801
local police,2208
and around,226
and videos,317
ben affleck,618
bleeding cool,627
detroit free,998
took to,4446
is looking,1915
looking at,2215
show to,3255
the director,3691
street journal,3412
military operations,2346
been working,587
side of,3261
her early,1538
has an,1404
claims the,844
claim this,833
we do,4705
because we,558
has denied,1409
friday night,1260
get the,1293
haram had,1391
the extremists,3711
the is,3792
group in,1348
syria and,3449
and iraq,261
have reported,1456
chibok in,812
an international,201
their release,4101
criticism of,926
government for,1324
girls would,1305
government of,1330
million people,2349
of military,2638
here the,1547
the screen,3973
with kurdish,4882
or any,2794
ve been,4548
sunday that,3428
were looking,4758
people they,2866
in 2006,1692
in 2009,1694
involvement in,1864
the kurdish,3811
her capture,1535
organization has,2805
the disease,3692
no official,2494
official notification,2703
notification from,2542
christy feig,822
who director,4821
of communications,2590
website the,4730
the organisation,3892
suspected cases,3441
iraq as,1868
newspaper reported,2470
statement the,3382
the ministry,3853
sources in,3326
the existence,3708
existence of,1099
facilities in,1114
from entering,1271
iraq the,1871
that any,3508
year after,4948
later the,2144
joined the,2061
and for,243
ministry said,2354
gone missing,1317
press that,2942
the paper,3901
the publication,3938
details about,991
amount of,170
at some,466
some point,3305
focused on,1174
best known,620
shots that,3249
brought the,667
charge of,808
the ottawa,3896
he reportedly,1497
brother john,666
is said,1931
the son,3993
appeared in,351
to sit,4388
in aleppo,1703
was with,4680
stating that,3386
thursday the,4216
had earlier,1366
for what,1236
that many,3544
the nypd,3880
the current,3679
will make,4851
wrote on,4946
state militant,3369
the videos,4066
the beheadings,3627
beheadings of,601
of western,2685
security services,3185
operational reasons,2792
steven sotloff,3392
also known,153
all but,133
but his,696
top of,4447
with british,4868
the hostages,3771
the victims,4064
month the,2375
featured in,1135
kenji goto,2091
london and,2209
of emwazi,2597
returning to,3073
emwazi is,1073
years of,4959
computer programming,879
university of,4501
of westminster,2686
at mosque,463
mosque in,2387
said emwazi,3108
in may,1763
were detained,4752
the jihadist,3799
group al,1344
to recruit,4370
in june,1753
was detained,4623
counter terrorism,917
for syria,1225
to al,4239
post said,2922
emwazi was,1074
have travelled,1466
around 2012,401
later joined,2142
swathes of,3446
terrorism command,3489
command said,871
have previously,1455
to speculate,4391
the details,3688
that life,3542
is at,1887
the identity,3776
of anyone,2574
anyone at,344
this stage,4178
stage or,3353
or give,2795
give an,1306
an update,217
update on,4522
the progress,3934
progress of,2952
this live,4171
was being,4615
october 22,2561
22 2014,27
police say,2911
the ongoing,3889
globe and,1309
and mail,275
2014 the,25
ottawa police,2812
and their,307
had taken,1376
foley family,1178
death in,967
his release,1615
foley mother,1183
spoke on,3343
on condition,2729
condition of,882
of anonymity,2571
northern syria,2511
november 2012,2543
was recorded,4657
family and,1123
and friends,246
new hampshire,2445
libya in,2185
foley had,1179
one point,2779
videos and,4585
tell the,3482
come to,862
web site,4729
with them,4894
before his,590
of foley,2600
holding up,1626
said is,3115
the final,3727
took over,4443
is seen,1932
have caused,1438
been under,585
not clear,2514
clear whether,848
report in,3024
the worst,4089
the health,3760
working as,4924
his health,1598
seemed to,3194
the market,3834
of public,2653
made public,2238
condolences to,883
source told,3325
the start,4004
editor in,1066
off from,2693
was bomb,4617
bomb because,636
we felt,4709
felt an,1137
an expansive,192
expansive wave,1100
jorge santamaria,2067
the ap,3601
government spokeswoman,1334
the asteroid,3613
on aug,2722
statement said,3380
friday the,1262
week of,4735
house said,1648
just as,2078
will do,4847
told reporters,4432
the organization,3893
the youtube,4094
to audition,4252
of violence,2683
the islamist,3795
were abducted,4748
the truce,4046
been at,563
haram militants,1396
the al,3596
the leadership,3821
leadership of,2158
the operation,3891
support of,3431
friday that,1261
northern iraq,2509
state targets,3373
an al,175
iraq in,1870
strike on,3413
not confirm,2515
loss of,2221
government forces,1325
official in,2702
the murder,3862
parts of,2845
operations in,2793
has come,1407
without any,4899
the threat,4037
as quickly,430
quickly as,2974
can to,762
ruled out,3091
traveled to,4457
is taking,1939
confident that,885
purported to,2959
used the,4540
to purchase,4363
in orange,1778
video and,4564
the whole,4082
apartment and,346
clear that,847
enter the,1081
center in,801
even the,1088
university in,4500
the figure,3724
reporting by,3040
children and,815
least three,2165
the girl,3742
strong message,3419
it you,2038
be punished,545
into your,1859
we ask,4700
out this,2826
focus on,1173
read the,2988
see also,3186
the nun,3879
arrived at,410
june 2014,2077
wish to,4859
this isn,4170
isn the,1976
your thoughts,4995
confirmed to,893
time on,4229
we didn,4704
the watch,4072
is working,1952
really have,2994
the libyan,3824
the region,3949
fighters from,1151
the facility,3713
first reported,1166
the planes,3916
were used,4764
an innocent,198
the potential,3924
strikes on,3417
security council,3179
and saw,296
yet been,4962
that left,3541
managua international,2264
loud boom,2224
come forward,858
then all,4111
of sudden,2665
meteorite that,2317
the investigation,3788
associated with,448
with other,4887
that brown,3516
of territorial,2668
territorial studies,3485
wilfried strauch,4842
ask if,443
or something,2799
we need,4716
two canadian,4484
canadian soldiers,766
by man,736
possibility that,2917
about this,57
public view,2955
reports the,3051
seen in,3196
states and,3384
state is,3366
is because,1891
also be,149
told mashable,4430
north koreans,2506
of china,2587
have something,1461
share it,3218
is all,1882
see if,3189
laughed and,2146
an online,210
sources said,3327
no matter,2493
matter what,2277
didn have,1008
it can,1988
additional reporting,76
catfish in,784
girls and,1297
to normal,4347
re more,2984
hands and,1384
appeals to,349
it appears,1983
reports to,3052
the contrary,3673
organization who,2806
the who,4081
and iraqi,262
the severed,3978
on board,2725
soldiers and,3301
that comcast,3518
these reports,4134
using it,4543
campaign against,751
used by,4537
created by,923
it possible,2017
would like,4939
to is,4320
syrian town,3462
of raqqa,2654
the teen,4030
ceo tim,804
today and,4424
did the,1006
to multiple,4343
the four,3736
an old,208
called for,746
for those,1231
in three,1811
for them,1229
them but,4105
48 hours,37
the globe,3745
you were,4986
was posted,4651
airstrikes in,118
as for,415
post was,2925
but with,714
isis had,1959
to verify,4419
loyal to,2228
to isis,4322
kobani and,2123
of kobani,2630
is reported,1927
saw the,3146
to people,4355
an earlier,187
there also,4118
posted online,2928
official told,2705
free beacon,1254
for control,1202
on top,2760
follow him,1188
is possible,1925
online tuesday,2784
syrian border,3457
border town,644
information and,1835
state the,3375
been verified,586
ottawa on,2811
provided by,2953
on behalf,2724
behalf of,598
to those,4411
outlets reported,2829
since june,3270
swaths of,3447
but all,686
to support,4399
also told,156
to enter,4288
center for,800
his left,1604
intelligence officials,1846
party of,2846
we get,4711
coming out,870
could also,910
was officially,4645
than 48,3497
the supreme,4021
his arrival,1577
at massachusetts,462
massachusetts general,2275
general hospital,1289
vital arteries,4589
heart to,1527
normal rhythm,2500
voice and,4594
holy mother,1629
the archdiocese,3606
neal says,2433
the holy,3767
son and,3313
while she,4814
she thought,3228
degree in,978
via the,4559
public and,2954
000 times,3
come as,857
and given,250
in retaliation,1792
retaliation for,3068
said wednesday,3134
an act,171
central command,802
from iraq,1273
iraq have,1869
held captive,1530
captive by,771
nearly two,2438
mosul dam,2392
of iraqi,2617
death and,965
caitlin hayden,743
hayden said,1468
david cameron,944
have joined,1445
scotland yard,3172
investigation into,1862
east of,1058
genuine we,1290
the committee,3667
foley 40,1175
last night,2136
days ago,952
be independently,538
of baghdad,2577
the conflict,3670
admiral john,77
that might,3546
the turkish,4049
turkish border,4473
also confirmed,151
syrian turkish,3463
million in,2348
of 12,2563
the purported,3940
aimed at,110
father of,1132
the office,3882
apple has,360
the macbook,3830
13 inch,14
11 inch,10
inch version,1827
quarter of,2968
keep the,2090
usb type,4534
means that,2288
in mid,1765
the kind,3807
this could,4167
of abu,2565
an airstrike,174
an aide,172
aide to,109
daily beast,936
security official,3183
what she,4775
city in,826
the target,4029
daughter was,943
possible to,2919
are fighting,379
it unclear,2029
said this,3130
ongoing investigation,2783
sure it,3436
friends and,1264
the memorial,3842
an unnamed,216
chosun ilbo,819
that kim,3540
he left,1492
the 31,3583
31 year,34
the foreign,3734
mr haines,2399
my heart,2413
humanitarian aid,1659
kneeling in,2113
latest video,2145
man believed,2254
and says,297
libya and,2184
thoughts and,4202
and prayers,291
prayers are,2932
are with,394
deepest condolences,974
campaign in,752
fighters and,1150
haines and,1379
with higher,4875
the killer,3805
23 year,28
be foley,533
that bary,3512
bin laden,624
the sunday,4020
sunday times,3429
of at,2576
former hostages,1243
identified the,1668
the brutal,3643
decision the,971
shooting of,3237
we expect,4707
why is,4837
makes it,2248
points out,2900
don think,1035
identity is,1670
sandy summers,3143
have identified,1443
aside from,442
to new,4346
picking up,2883
who lives,4826
update this,4523
have some,1460
in english,1729
fears that,1134
the graves,3749
currently in,933
refusing to,3007
from youtube,1282
his new,1608
new home,2446
versions of,4554
all they,141
military and,2344
the chief,3659
of defence,2592
defence staff,976
of boko,2581
who spoke,4832
official who,2706
citing an,823
comes as,865
late apple,2139
film is,1158
major heart,2243
causing the,792
bright fireball,660
in contact,1723
they heard,4146
were no,4759
qaeda in,2966
somers was,3309
mr somers,2401
october 2014,2560
we could,4702
the box,3639
was placed,4650
in high,1739
new offices,2448
been reported,579
asteroid 2014,449
near earth,2434
price of,2944
the interview,3787
thursday that,4215
in kuwait,1755
that emwazi,3524
graduated from,1338
with degree,4869
in computer,1722
and steven,303
sotloff and,3321
have used,1467
stephens said,3388
know we,2117
so sorry,3292
left for,2174
queen park,2971
peter kassig,2875
september 2014,3203
british security,665
severed head,3216
knife and,2114
journalists james,2074
haruna yukawa,1399
newspaper said,2471
2012 the,22
appalled by,348
brutal murder,677
bureau of,681
seeking to,3192
million for,2347
the iconic,3774
sources the,3329
an oscar,213
film has,1157
and white,325
the staff,4003
was allegedly,4607
may also,2278
say it,3148
made from,2234
miss smith,2358
my family,2411
move to,2394
the veyron,4062
his account,1572
that macaulay,3543
he first,1484
there will,4131
militants who,2343
days before,953
were taken,4761
has reached,1421
government to,1336
from several,1277
have suffered,1462
boyle is,655
the instagram,3783
will am,4844
their new,4098
been missing,575
free james,1255
the hoaxer,3765
the apartment,3602
his hands,1596
are reporting,388
the loss,3829
manhattan apartment,2265
released statement,3017
brown and,669
police department,2905
of dollars,2594
captures the,775
where brown,4792
background of,505
evidence in,1094
said wilson,3135
wilson fired,4858
hands up,1386
boom boom,638
10 days,5
to indicate,4317
lawyers for,2151
family have,1124
brown at,670
st louis,3352
louis county,2225
grand jury,1339
on whether,2767
abducted in,47
the agreement,3591
taken on,3470
to further,4299
responsibility for,3061
state as,3359
against islamic,95
test for,3492
foley the,1185
joel sotloff,2054
american freelance,164
august 2013,487
this american,4163
american citizen,163
citizen obama,824
obama depends,2555
your next,4992
next decision,2473
innocent american,1838
of you,2690
complacency and,878
and criminality,236
foley is,1181
freedom and,1258
family once,1128
that ship,3555
ship has,3234
has sailed,1425
sailed guess,3137
guess all,1359
all wish,142
wish wasn,4860
your country,4991
aggression towards,102
strikes have,3415
large number,2132
of life,2632
man on,2258
threatened to,4205
clothes and,852
that both,3515
thought we,4201
wonderful little,4910
and wonderful,328
little girl,2200
girl who,1296
my daughter,2410
was diagnosed,4624
we spent,4720
have sold,1459
and everything,241
china with,816
purchase her,2958
are both,375
four hours,1250
my husband,2414
miss bethell,2357
led coalition,2170
said isis,3116
will start,4855
mr obama,2400
syrian city,3458
for over,1219
syrian government,3459
be at,531
convinced that,908
though that,4195
the metal,3845
spokeswoman for,3350
and how,258
while in,4812
then that,4115
he heard,1489
had killed,1370
bale who,513
won an,4907
the launch,3817
some kind,3303
the condition,3669
29 2014,31
redacted taibbi,3002
taibbi quote,3464
to read,4367
because you,559
john has,2055
is making,1917
certain that,805
unless they,4502
an iraqi,204
travelling with,4459
dulaimi was,1048
nusra front,2551
and children,234
the fighters,3723
that islamic,3536
watch said,4689
independently verified,1831
be announced,530
schoolgirls the,3170
of islam,2620
originally from,2808
it hasn,2000
us led,4531
the symptoms,4023
symptoms of,3448
in icloud,1742
media will,2298
said her,3111
department the,983
tour of,4449
who spent,4831
hassan tukur,1431
cautiously optimistic,794
territory in,3486
military has,2345
mike omeri,2334
in similar,1795
is part,1924
november 22,2544
22 2012,26
is has,1904
the rcmp,3942
the safety,3965
our deepest,2815
son was,3317
fatally shot,1129
high risk,1553
his passport,1612
an unidentified,215
unidentified man,4497
baghdadi the,507
no immediate,2491
session of,3208
supreme people,3435
people assembly,2860
in pyongyang,1787
to power,4358
to hit,4313
recorded the,2998
not hear,2522
hear these,1516
these words,4135
the taliban,4026
still being,3393
an impact,196
mr foley,2398
the unidentified,4053
are appalled,372
told nbc,4431
brown in,672
in ferguson,1733
its authenticity,2039
to cnn,4267
newfangled mechanical,2454
mechanical gadgetry,2291
and despite,239
appearing in,354
office in,2699
watch as,4685
freelance journalist,1259
has previously,1420
reuters reported,3074
service would,3207
reported earlier,3032
bashar al,522
al assad,119
to control,4274
the strikes,4013
in both,1716
qaida in,2967
the guinness,3754
guinness book,1360
book catfish,637
isis controlled,1957
the deal,3684
kobani the,2124
still the,3395
the speech,4001
by apple,721
in captivity,1717
hot property,1641
the ferguson,3721
ferguson mo,1141
in islamic,1747
mr emwazi,2397
worker peter,4922
japanese hostages,2047
video on,4574
global post,1308
jordanian fighter,2065
met with,2315
shots are,3246
officer wilson,2701
seconds of,3176
that wilson,3574
the 18,3580
month that,2374
people said,2863
or it,2797
rights group,3080
of hostages,2612
qureshi said,2976
while covering,4810
guantanamo bay,1356
the prisoner,3930
what will,4781
me is,2285
only result,2785
isil the,1953
the areas,3608
the arabian,3604
arabian peninsula,368
being burned,604
igen fr,1684
one being,2771
inch model,1826
air could,111
will use,4856
some have,3302
with knowledge,4881
her brother,1534
the korean,3810
jong is,2063
the cases,3652
page six,2836
early 2015,1056
water resistant,4695
line with,2195
not independently,2525
cnn the,854
community is,875
determine its,996
authenticity if,490
if genuine,1674
we express,4708
express our,1105
in binesh,1713
of negotiations,2643
the chibok,3658
watch sport,4690
the talks,4027
her client,1536
cnn that,853
her meal,1542
son they,3315
mr abdulla,2396
person scared,2873
scared of,3164
an intelligence,200
the mass,3836
up its,4513
al britani,121
of ferguson,2598
miles north,2336
patients with,2850
omar said,2718
several countries,3214
in frisco,1734
frisco texas,1266
250 miles,30
terror suspects,3488
suspects had,3444
for justice,1214
power connector,2931
